{
  "memberLimit": 1000,
  "groupLimit": 50,
  "prefix": "/",
  "mtc": false,
  "banChats": false,
  "hackapi": "404Api",
  "caliph": "beta",
  "tobzapi": "YOUR-APIKEY",
  "apikeyvinz": "Urbaeexyz",
  "zekais": "zekais",
  "vhtearkey": "YOUR-APIKEY",
  "onlydev": "YOUR-APIKEY",
  "apirey": "apirey",
  "dapuhyapi": "Urbaexyz",
  "paiskey": "pais",
  "bxhunter": "Ikyy69",
  "authorstc": "@thoriqazzikraa",
  "packstc": "Urbaeexyz",
  "lolhuman": "YOUR-APIKEY",
  "leysapi": "OneDayOneCharity",
  "fahmiapi": "freeTrial2k21",
  "cakrayp": "cakrayp24Q6",
  "zenzapi": "Urbaeexyz",
  "lindowapi": "LindowApi",
  "iTechApi": "A46cZH-iBjv3i-JR36B5-Ah3U7u-iI4snA",
  "keepSave": "Fj4OgInAUVRvNK16phVoT9KzNg6D4vigTZQZlVLchaClRr"
}